<?xml version="1.0" encoding="UTF-8"?>
<!DOCTYPE generatorConfiguration
  PUBLIC "-//mybatis.org//DTD MyBatis Generator Configuration 1.0//EN"
  "http://mybatis.org/dtd/mybatis-generator-config_1_0.dtd">
<generatorConfiguration>
    <!--数据库驱动 : 注意，此处的地址必须为绝对路径-->
    <classPathEntry
    location="D:\2-develop\maven\maven-repostitory\mysql\mysql-connector-java\5.1.42\mysql-connector-java-5.1.42.jar"/>
   
    
    
    <context id="MySQL2Tables"  targetRuntime="MyBatis3">
        <commentGenerator>
            <property name="suppressDate" value="true"/>
            <property name="suppressAllComments" value="true"/>
        </commentGenerator>
    
        <!--数据库驱动、地址、账号、密码-->
        <jdbcConnection 
        	driverClass="com.mysql.jdbc.Driver" 
        	connectionURL="jdbc:mysql:///exam" 
        	userId="root" 
        	password="123456">
        </jdbcConnection>
        
        <javaTypeResolver>
            <property name="forceBigDecimals" value="false"/>
        </javaTypeResolver>
        
        <!--根据表，生成POJO类存放位置，写明包名和项目名称，例如Emp.java-->
        <javaModelGenerator targetPackage="com.company.dao.pojo" targetProject="Get">
            <property name="enableSubPackages" value="true"/>
            <property name="trimStrings" value="true"/>
        </javaModelGenerator>
        
        <!--生成映射文件存放位置，例如EmpMapper.xml配置文件-->
        <sqlMapGenerator targetPackage="com.company.dao.mapper" targetProject="Get">
            <property name="enableSubPackages" value="true"/>
        </sqlMapGenerator>

        <!--生成Dao接口存放位置，例如EmpMapper.java接口文件，一般与EmpMapper.xml同包-->
        <javaClientGenerator type="XMLMAPPER" 
        targetPackage="com.company.dao.mapper" targetProject="Get">
            <property name="enableSubPackages" value="true"/>
        </javaClientGenerator>
        
        <!--生成表及类名的对应关系-->
        
        <table tableName="t_user" domainObjectName="User" 
        enableCountByExample="false" enableUpdateByExample="false" 
        enableDeleteByExample="false" enableSelectByExample="false" 
        selectByExampleQueryId="false"></table>
       
    
    </context>
</generatorConfiguration>